"no","key","domain","screen_area","type","description_kr","kr_context","en"
"1","common.loading","common","공통","loading","로딩 중 표시 문구","로딩 중…","Loading…"
"2","common.submit","common","공통","button","제출 버튼","제출","Submit"
"3","common.cancel","common","SignupGateModal","button","취소 버튼","취소","Cancel"
"4","common.save","common","공통","button","저장 버튼","저장","Save"
"5","common.close","common","공통","button","닫기 버튼","닫기","Close"
"6","common.retry","common","공통","button","다시 시도 버튼","다시 시도","Try again"
"7","common.submitting","common","ExchangeConnectForm","button","제출 진행 중 버튼 문구","제출 중…","Submitting…"
"8","common.or","common","LoginForm/SignupForm","label","이메일/구글 로그인 사이 구분선 문구","또는","or"
"9","common.back","common","뉴스상세 페이지","button","이전(뒤로) 링크","← 뒤로","← Back"
"10","common.backToHome","common","공통","button","홈으로 돌아가기 링크","← 홈으로","← Back to Home"
"11","gnb.news","gnb","GNB","tab","GNB 뉴스 메뉴","뉴스","News"
"12","gnb.stocks","gnb","GNB","tab","GNB 종목 메뉴","종목","Stocks"
"13","gnb.settings","gnb","GNB","label","설정 아이콘 접근성 라벨(모바일)","설정","Settings"
"14","gnb.logIn","gnb","GNB","button","GNB 로그인 버튼","로그인","Log In"
"15","gnb.signUp","gnb","GNB","button","GNB 회원가입 버튼","회원가입","Sign Up"
"16","gnb.logOut","gnb","GNB","button","GNB 로그아웃 버튼","로그아웃","Log Out"
"17","gnb.languageLabel","gnb","LocaleSwitcher","label","언어 선택 드롭다운 접근성 라벨","언어","Language"
"18","footer.tagline","footer","Footer","label","푸터 서비스 한줄 소개","글로벌 투자자를 위한 한국 주식 뉴스 & 시장 데이터.","Korean stock news & market data for global investors."
"19","footer.privacy","footer","Footer/SignupForm/ConsentForm","label","개인정보처리방침 링크","개인정보처리방침","Privacy Policy"
"20","footer.terms","footer","Footer/SignupForm/ConsentForm","label","이용약관 링크","이용약관","Terms of Service"
"21","footer.copyright","footer","Footer","label","저작권 표기 ({year}=올해 연도)","© {year} kstockhelper.com","© {year} kstockhelper.com"
"22","banner.title","banner","SignupBanner","title","메인 배너 제목","한국 주식 시장에서 거래하세요","Trade Korea's Stock Market"
"23","banner.subtitle","banner","SignupBanner","label","메인 배너 부제","글로벌 브로커를 통해 한국 시장에 접근하세요.","Open access to Korean markets through your global broker."
"24","banner.cta","banner","SignupBanner","button","메인 배너 CTA 버튼","거래 시작하기","Start Trading"
"25","banner.connectPrompt","banner","SignupBanner","label","기존 계정 UID 연결 유도 링크","이미 계정이 있으신가요? UID 연결하기 →","Already have an account? Connect your UID →"
"26","auth.loginHeading","auth","로그인 페이지","title","로그인 페이지 제목","로그인","Log In"
"27","auth.signupHeading","auth","회원가입 페이지","title","회원가입 페이지 제목","회원가입","Sign Up"
"28","auth.consentMetaTitle","auth","약관동의 페이지","title","약관 동의 페이지 메타 타이틀","약관 동의","Agree to Terms"
"29","auth.consentHeading","auth","약관동의 페이지","title","약관 동의 페이지 제목","마지막 단계입니다","One last step"
"30","auth.email","auth","LoginForm/SignupForm","label","이메일 입력 라벨","이메일","Email"
"31","auth.emailPlaceholder","auth","LoginForm/SignupForm","placeholder","이메일 입력 placeholder","you@example.com","you@example.com"
"32","auth.password","auth","LoginForm","label","비밀번호 입력 라벨","비밀번호","Password"
"33","auth.passwordPlaceholder","auth","LoginForm/SignupForm","placeholder","비밀번호 입력 placeholder","••••••••","••••••••"
"34","auth.passwordWithRule","auth","SignupForm","label","비밀번호 입력 라벨(자릿수 안내 포함)","비밀번호 (8–16자)","Password (8–16 characters)"
"35","auth.confirmPassword","auth","SignupForm","label","비밀번호 확인 입력 라벨","비밀번호 확인","Confirm Password"
"36","auth.verificationCode","auth","SignupForm","label","인증 코드 입력 라벨","인증 코드","Verification Code"
"37","auth.verificationCodePlaceholder","auth","SignupForm","placeholder","인증 코드 입력 placeholder","6자리 코드를 입력하세요","Enter the 6-digit code"
"38","auth.logIn","auth","LoginForm/SignupForm","button","로그인 버튼/링크","로그인","Log In"
"39","auth.signingIn","auth","LoginForm","button","로그인 진행 중 버튼 문구","로그인 중…","Signing in…"
"40","auth.noAccount","auth","LoginForm","label","계정 없음 안내(회원가입 유도)","계정이 없으신가요?","No account?"
"41","auth.haveAccount","auth","SignupForm","label","이미 계정 있음 안내(로그인 유도)","이미 계정이 있으신가요?","Already have an account?"
"42","auth.signUp","auth","LoginForm","button","회원가입 링크","회원가입","Sign Up"
"43","auth.continueWithGoogle","auth","GoogleButton","button","구글 로그인 버튼","Google로 계속하기","Continue with Google"
"44","auth.connecting","auth","GoogleButton","button","구글 연결 중 버튼 문구","연결 중…","Connecting…"
"45","auth.googleError","auth","GoogleButton","error","구글 로그인 시작 실패 에러","Google 로그인을 시작할 수 없습니다. 다시 시도해 주세요.","Could not start Google sign-in. Please try again."
"46","auth.stepOf","auth","SignupForm","label","회원가입 단계 표시 ({current}=현재 단계, 총 3단계)","{current} / 3 단계","Step {current} of 3"
"47","auth.sendCode","auth","SignupForm","button","인증 코드 전송 버튼","인증 코드 전송","Send Verification Code"
"48","auth.sending","auth","SignupForm","button","코드 전송 중 버튼 문구","전송 중…","Sending…"
"49","auth.codeSent","auth","SignupForm","toast","코드 전송 완료 안내 ({email}=이메일)","{email}로 6자리 코드를 전송했습니다.","A 6-digit code was sent to {email}."
"50","auth.codeResent","auth","SignupForm","toast","코드 재전송 완료 안내","새 코드를 전송했습니다.","A new code was sent."
"51","auth.verifyCode","auth","SignupForm","button","코드 인증 버튼","코드 인증","Verify Code"
"52","auth.verifying","auth","SignupForm","button","코드 인증 중 버튼 문구","인증 중…","Verifying…"
"53","auth.changeEmail","auth","SignupForm","button","이메일 변경(이전 단계로) 버튼","← 이메일 변경","← Change email"
"54","auth.resendCode","auth","SignupForm","button","코드 재전송 버튼","코드 재전송","Resend code"
"55","auth.createAccount","auth","SignupForm","button","계정 생성 버튼","계정 만들기","Create Account"
"56","auth.creatingAccount","auth","SignupForm","button","계정 생성 중 버튼 문구","계정 생성 중…","Creating account…"
"57","auth.agreePrefix","auth","SignupForm/ConsentForm","label","약관 동의 체크박스 앞 문구(뒤에 약관/방침 링크 이어짐)","다음에 동의합니다:","I have read and agree to the"
"58","auth.agreeMiddle","auth","SignupForm/ConsentForm","label","약관과 방침 링크 사이 연결 문구","및","and"
"59","auth.consentIntro","auth","ConsentForm","label","약관 동의 안내 문구","계속하기 전에 약관을 검토하고 동의해 주세요.","Before you continue, please review and agree to our terms."
"60","auth.agreeAndContinue","auth","ConsentForm","button","동의하고 계속 버튼","동의하고 계속","Agree and Continue"
"61","auth.saving","auth","ConsentForm","button","동의 저장 중 버튼 문구","저장 중…","Saving…"
"62","auth.errorAgreeRequired","auth","SignupForm/ConsentForm","error","약관 미동의 에러","이용약관과 개인정보처리방침에 동의해 주세요.","Please agree to the Terms of Service and Privacy Policy."
"63","auth.errorConsentFailed","auth","ConsentForm","error","동의 저장 실패 에러","동의 저장에 실패했습니다. 다시 시도해 주세요.","Could not save your consent. Please try again."
"64","auth.errorPasswordLength","auth","SignupForm","error","비밀번호 길이 에러 ({min},{max}=자릿수)","비밀번호는 {min}–{max}자여야 합니다.","Password must be {min}–{max} characters."
"65","auth.errorPasswordMismatch","auth","SignupForm","error","비밀번호 불일치 에러","비밀번호가 일치하지 않습니다.","Passwords do not match."
"66","news.ariaList","news","NewsList","label","뉴스 목록 접근성 라벨","뉴스","News"
"67","news.ariaFilter","news","NewsFilterTabs","label","뉴스 필터 탭 접근성 라벨","뉴스 필터","News filter"
"68","news.ariaType","news","NewsTypeTabs","label","콘텐츠 유형 탭 접근성 라벨","콘텐츠 유형","Content type"
"69","news.filterAll","news","NewsFilterTabs","tab","필터 '전체' 탭","전체","All"
"70","news.typeNews","news","NewsTypeTabs","tab","콘텐츠 유형 '뉴스' 탭","뉴스","News"
"71","news.typeDisclosures","news","NewsTypeTabs","tab","콘텐츠 유형 '공시' 탭","공시","Disclosures"
"72","news.badgeNews","news","NewsCard/NewsDetail","badge","뉴스 배지","뉴스","News"
"73","news.badgeDisclosure","news","NewsCard/NewsDetail","badge","공시 배지","공시","Disclosure"
"74","news.emptyNews","news","NewsList","label","뉴스 없음 빈 상태 문구","이 필터에 해당하는 뉴스가 없습니다.","No news for this filter."
"75","news.emptyDisclosures","news","NewsList","label","공시 없음 빈 상태 문구","이 필터에 해당하는 공시가 없습니다.","No disclosures for this filter."
"76","news.summary","news","NewsDetail","title","뉴스 상세 '요약' 섹션 제목","요약","Summary"
"77","news.keyPoints","news","NewsDetail","title","뉴스 상세 '핵심 포인트' 섹션 제목","핵심 포인트","Key Points"
"78","news.keyFigures","news","NewsDetail","title","공시 상세 '주요 수치' 섹션 제목","주요 수치","Key Figures"
"79","newsGate.signupTitle","newsGate","NewsDetailGate/SignupGateModal","title","비회원 가입 유도 패널 제목","가입하고 읽어보세요","Sign up to read"
"80","newsGate.signupBody","newsGate","NewsDetailGate/SignupGateModal","label","비회원 가입 유도 패널 설명","무료 계정을 만들면 전체 뉴스와 공시를 읽을 수 있습니다.","Create a free account to read full news and disclosures."
"81","newsGate.signupCta","newsGate","NewsDetailGate/SignupGateModal","button","가입 유도 버튼","회원가입","Sign Up"
"82","newsGate.premiumTitle","newsGate","NewsDetailGate/BybitGateModal","title","프리미엄 잠금 해제 패널 제목","프리미엄 액세스 잠금 해제","Unlock Premium Access"
"83","newsGate.premiumBody","newsGate","NewsDetailGate/BybitGateModal","label","프리미엄 잠금 해제 패널 설명","UID를 연결하면 모든 뉴스와 공시에 대한 전체 액세스 권한을 얻습니다.","Connect your UID to get full access to all news & disclosures."
"84","newsGate.premiumCta","newsGate","NewsDetailGate/BybitGateModal","button","UID 연결 버튼","UID 연결하기","Connect Your UID"
"85","market.ariaOverview","market","MarketTicker","label","시장 개요 접근성 라벨","시장 개요","Market overview"
"86","market.overview","market","MarketTicker","title","시장 개요 섹션 제목","시장 개요","Market Overview"
"87","market.updated","market","MarketTicker","label","마지막 업데이트 시각 ({time}=시간)","업데이트 {time}","Updated {time}"
"88","connect.bybitUidLabel","connect","ExchangeConnectForm","label","Bybit UID 입력 라벨","Bybit UID","Bybit UID"
"89","connect.binanceUidLabel","connect","ExchangeConnectForm","label","Binance UID 입력 라벨","Binance UID","Binance UID"
"90","connect.uidPlaceholder","connect","ExchangeConnectForm","placeholder","UID 입력 placeholder","예: 123456789","e.g. 123456789"
"91","connect.cta","connect","ExchangeConnectForm","button","제출 및 신청 버튼","제출 및 신청","Submit & Apply"
"92","connect.uidRequired","connect","ExchangeConnectForm","error","UID 미입력 에러 ({exchange}=거래소명)","{exchange} UID를 입력해 주세요.","Please enter your {exchange} UID."
"93","connect.bybitDoneTitle","connect","ExchangeConnectForm","toast","Bybit 제출 완료(프리미엄 해제) 안내","제출 완료! 프리미엄이 활성화되었습니다.","Submitted! Premium unlocked."
"94","connect.binanceDoneTitle","connect","ExchangeConnectForm","toast","Binance 제출 완료(심사 중) 안내","제출 완료! 심사 중입니다.","Submitted! Under review."
"95","connect.submitFailed","connect","ExchangeConnectForm","error","제출 실패 일반 에러","제출에 실패했습니다. 다시 시도해 주세요.","Submission failed. Please try again."
"96","settings.heading","settings","설정 페이지","title","설정 페이지 제목","설정","Settings"
"97","settings.account","settings","SettingsClient","title","계정 섹션 제목","계정","Account"
"98","settings.logOut","settings","SettingsClient","button","로그아웃 버튼","로그아웃","Log Out"
"99","settings.premium","settings","SettingsClient","badge","프리미엄 배지","프리미엄","Premium"
"100","settings.connected","settings","SettingsClient","label","Bybit 연결됨 상태 문구","연결됨","Connected"
"101","settings.fullAccess","settings","SettingsClient","label","전체 액세스 권한 안내","모든 뉴스와 공시에 대한 전체 액세스 권한이 있습니다.","You have full access to all news & disclosures."
"102","settings.changeUid","settings","SettingsClient","button","UID 변경 버튼","UID 변경","Change UID"
"103","settings.bybitConnection","settings","SettingsClient","title","Bybit 연결 섹션 제목","Bybit 연결","Bybit Connection"
"104","settings.binanceConnection","settings","SettingsClient","title","Binance 연결 섹션 제목","Binance 연결","Binance Connection"
"105","settings.bybitUidLabel","settings","SettingsClient","label","Bybit UID 입력 라벨","Bybit UID","Bybit UID"
"106","settings.binanceUidLabel","settings","SettingsClient","label","Binance UID 입력 라벨","Binance UID","Binance UID"
"107","settings.bybitUidPlaceholder","settings","SettingsClient","placeholder","Bybit UID placeholder","예: 12345678","e.g. 12345678"
"108","settings.binanceUidPlaceholder","settings","SettingsClient","placeholder","Binance UID placeholder","예: 123456789","e.g. 123456789"
"109","settings.uidValue","settings","SettingsClient","label","연결된 UID 표시 ({uid}=UID 값)","UID: {uid}","UID: {uid}"
"110","settings.connectUnlock","settings","SettingsClient","button","연결 및 프리미엄 잠금 해제 버튼","연결하고 프리미엄 잠금 해제","Connect & Unlock Premium"
"111","settings.connecting","settings","SettingsClient","button","연결 중 버튼 문구","연결 중…","Connecting…"
"112","settings.submitAndApply","settings","SettingsClient","button","제출 및 신청 버튼","제출 및 신청","Submit & Apply"
"113","settings.submitting","settings","SettingsClient","button","제출 중 버튼 문구","제출 중…","Submitting…"
"114","settings.reapply","settings","SettingsClient","button","재신청 버튼","재신청","Re-apply"
"115","settings.underReview","settings","SettingsClient","label","심사 중 상태 문구/배지","심사 중","Under review"
"116","settings.approved","settings","SettingsClient","label","승인됨 상태 문구","승인됨 ✅","Approved ✅"
"117","settings.rejected","settings","SettingsClient","label","거절됨 상태 문구","거절됨","Rejected"
"118","settings.binanceUnderReview","settings","SettingsClient","label","Binance 심사 중 상세 안내 ({uidSuffix}=UID 괄호 표기)","Binance UID{uidSuffix}가 팀에서 검토 중입니다(보통 24시간 이내).","Your Binance UID{uidSuffix} is being reviewed by our team (usually within 24 hours)."
"119","settings.binanceRejected","settings","SettingsClient","label","Binance 거절됨 상세 안내","Binance 레퍼럴을 확인할 수 없습니다. 레퍼럴 링크로 가입했는지 확인 후 재신청해 주세요.","We couldn't verify your Binance referral. Make sure you signed up via our referral link, then re-apply."
"120","settings.errorBybitUidRequired","settings","SettingsClient","error","Bybit UID 미입력 에러","Bybit UID를 입력해 주세요.","Please enter your Bybit UID."
"121","settings.errorBinanceUidRequired","settings","SettingsClient","error","Binance UID 미입력 에러","Binance UID를 입력해 주세요.","Please enter your Binance UID."
"122","settings.errorBybitReferral","settings","SettingsClient","error","Bybit UID 미발견(레퍼럴) 에러","UID를 찾을 수 없습니다. 레퍼럴 링크로 가입했는지 확인해 주세요.","UID not found. Make sure you signed up via our referral link."
"123","settings.errorSubmitFailed","settings","SettingsClient","error","제출 실패 일반 에러","제출에 실패했습니다. 다시 시도해 주세요.","Submission failed. Please try again."
"124","settings.uidGuideTitle","settings","SettingsClient","title","UID 찾는 법 안내 제목 ({exchange}=거래소명)","{exchange} UID 찾는 방법","How to find your {exchange} UID"
"125","settings.uidGuideStep1","settings","SettingsClient","label","UID 찾기 1단계 ({exchange}=거래소명)","1. {exchange} 앱 열기","1. Open the {exchange} app"
"126","settings.uidGuideStep2","settings","SettingsClient","label","UID 찾기 2단계","2. 프로필 아이콘 탭하기","2. Tap your profile icon"
"127","settings.uidGuideStep3","settings","SettingsClient","label","UID 찾기 3단계","3. 이름 아래의 UID 복사하기","3. Copy the UID below your name"
"128","changeUid.title","changeUid","ChangeUidModal","title","UID 변경 모달 제목 ({exchange}=거래소명)","{exchange} UID 변경","Change {exchange} UID"
"129","changeUid.intro","changeUid","ChangeUidModal","label","UID 변경 영향 안내 머리말","UID를 변경하면 다음이 적용됩니다:","Changing your UID will:"
"130","changeUid.bulletDisablePremium","changeUid","ChangeUidModal","label","변경 영향: 프리미엄 비활성화","프리미엄 멤버십이 비활성화됩니다","Disable your Premium membership"
"131","changeUid.bulletResetStatus","changeUid","ChangeUidModal","label","변경 영향: 승인 상태 초기화","현재 승인 상태가 초기화됩니다","Reset your current approval status"
"132","changeUid.bulletResubmitReview","changeUid","ChangeUidModal","label","변경 영향: 새 UID 재심사 제출(Binance)","새 UID가 심사를 위해 제출됩니다","Submit your new UID for review"
"133","changeUid.bulletResubmitVerify","changeUid","ChangeUidModal","label","변경 영향: 새 UID 재인증 제출(Bybit)","새 UID가 인증을 위해 제출됩니다","Submit your new UID for verification"
"134","changeUid.newUidLabel","changeUid","ChangeUidModal","label","새 UID 입력 라벨 ({exchange}=거래소명)","새 {exchange} UID","New {exchange} UID"
"135","changeUid.newUidPlaceholder","changeUid","ChangeUidModal","placeholder","새 UID placeholder","예: 987654321","e.g. 987654321"
"136","changeUid.errorUidRequired","changeUid","ChangeUidModal","error","새 UID 미입력 에러 ({exchange}=거래소명)","새 {exchange} UID를 입력해 주세요.","Please enter your new {exchange} UID."
"137","changeUid.infoReview","changeUid","ChangeUidModal","label","제출 후 재심사 안내(Binance)","제출 후 신청이 초기화되어 다시 심사됩니다.","After submission, your application will be reset and reviewed again."
"138","changeUid.infoVerify","changeUid","ChangeUidModal","label","제출 후 자동 재인증 안내(Bybit)","제출 후 UID가 자동으로 재인증됩니다.","After submission, your UID will be re-verified automatically."
"139","changeUid.cancel","changeUid","ChangeUidModal","button","취소 버튼","취소","Cancel"
"140","changeUid.submit","changeUid","ChangeUidModal","button","제출 및 재신청 버튼","제출 및 재신청","Submit & Re-apply"
"141","changeUid.submitting","changeUid","ChangeUidModal","button","제출 중 버튼 문구","제출 중…","Submitting…"
"142","pagination.aria","pagination","Pagination","label","페이지네이션 접근성 라벨","페이지 매김","Pagination"
"143","pagination.previous","pagination","Pagination","label","이전 페이지 버튼 접근성 라벨","이전 페이지","Previous page"
"144","pagination.next","pagination","Pagination","label","다음 페이지 버튼 접근성 라벨","다음 페이지","Next page"
"145","legal.lastUpdated","legal","약관/방침 페이지","label","최종 수정일 표기 ({date}=날짜)","최종 수정일: {date}","Last Updated: {date}"
"146","error.network","error","공통","error","네트워크 오류","네트워크 오류입니다. 다시 시도해 주세요.","Network error. Please try again."
"147","error.unknown","error","공통","error","알 수 없는 오류","문제가 발생했습니다. 다시 시도해 주세요.","Something went wrong. Please try again."
"148","error.notAuthenticated","error","공통","error","미인증(로그인 필요) 오류","계속하려면 로그인해 주세요.","Please log in to continue."
"149","error.bybitVerifyOk","error","ExchangeConnectForm","toast","[code:BYBIT_VERIFY_OK] Bybit 인증 성공","Bybit UID가 인증되었습니다. 프리미엄이 활성화되었습니다.","Your Bybit UID is verified. Premium unlocked."
"150","error.bybitUidRequired","error","ExchangeConnectForm","error","[code:BYBIT_UID_REQUIRED] Bybit UID 필요","Bybit UID를 입력해 주세요.","Please enter your Bybit UID."
"151","error.bybitUidAlreadyLinked","error","ExchangeConnectForm","error","[code:BYBIT_UID_ALREADY_LINKED] 이미 연결된 Bybit UID","이 Bybit UID는 이미 다른 계정에 연결되어 있습니다.","This Bybit UID is already linked to another account."
"152","error.bybitReferralNotFound","error","ExchangeConnectForm","error","[code:BYBIT_REFERRAL_NOT_FOUND] 레퍼럴 미발견(HTTP 200·success=false 주의)","Bybit 레퍼럴에서 회원님 계정을 찾을 수 없습니다. 먼저 레퍼럴 링크로 가입해 주세요.","We couldn't find your account under our Bybit referral. Please sign up via our referral link first."
"153","error.bybitUserNotFound","error","ExchangeConnectForm","error","[code:BYBIT_USER_NOT_FOUND] Bybit 사용자 미발견","Bybit 사용자를 찾을 수 없습니다. UID를 확인 후 다시 시도해 주세요.","Bybit user not found. Check your UID and try again."
"154","error.bybitVerifyError","error","ExchangeConnectForm","error","[code:BYBIT_VERIFY_ERROR] Bybit 인증 실패","Bybit 인증에 실패했습니다. 잠시 후 다시 시도해 주세요.","Bybit verification failed. Please try again later."
"155","error.binanceConnectOk","error","ExchangeConnectForm","toast","[code:BINANCE_CONNECT_OK] Binance 제출 성공(심사 중)","Binance UID가 제출되어 심사 중입니다.","Your Binance UID was submitted and is under review."
"156","error.binanceUidRequired","error","ExchangeConnectForm","error","[code:BINANCE_UID_REQUIRED] Binance UID 필요","Binance UID를 입력해 주세요.","Please enter your Binance UID."
"157","error.binanceUidAlreadyLinked","error","ExchangeConnectForm","error","[code:BINANCE_UID_ALREADY_LINKED] 이미 연결된 Binance UID","이 Binance UID는 이미 다른 계정에 연결되어 있습니다.","This Binance UID is already linked to another account."
"158","error.binanceUserNotFound","error","ExchangeConnectForm","error","[code:BINANCE_USER_NOT_FOUND] Binance 사용자 미발견","Binance 사용자를 찾을 수 없습니다. UID를 확인 후 다시 시도해 주세요.","Binance user not found. Check your UID and try again."
"159","error.binanceConnectError","error","ExchangeConnectForm","error","[code:BINANCE_CONNECT_ERROR] Binance 연결 실패","Binance 연결에 실패했습니다. 잠시 후 다시 시도해 주세요.","Binance connection failed. Please try again later."
"160","seo.title","seo","전역 메타데이터","title","SEO 페이지 타이틀","K-Stock Helper - 영어로 보는 한국 주식 뉴스","K-Stock Helper - Korean Stock News in English"
"161","seo.description","seo","전역 메타데이터","label","SEO 메타 설명","글로벌 투자자를 위한 실시간 한국 주식 시장 뉴스와 공시(영어 제공)","Real-time Korean stock market news and disclosures in English for global investors"
